-- ================================================================================
-- WORKOUTWARE SAMPLE DATA SCRIPT
-- ================================================================================
-- This script populates the workoutware database with sample data for testing
-- and development purposes.
--
-- SETUP INSTRUCTIONS:
--   1. Run workoutware_db_setup.sql FIRST to create the database schema
--   2. This script is OPTIONAL - only run if you want sample data
--   3. Run using one of the following methods:
--
--   METHOD 1: MySQL Command Line
--     mysql -u root -pRutgers123 < sql/sample_data.sql
--
--   METHOD 2: MySQL Workbench
--     - Open MySQL Workbench
--     - Connect to MySQL server
--     - Open this file and execute it
--
--   METHOD 3: Docker MySQL Container
--     docker exec -i workoutware mysql -uroot -pRutgers123 < sql/sample_data.sql
--
-- SAMPLE DATA INCLUDES:
--   - User accounts (including admin user: jnguyen)
--   - Exercise library entries
--   - Sample workout sessions
--   - Sample goals and progress data
--   - Body stats logs
--
-- IMPORTANT:
--   - This will INSERT data into existing tables
--   - If you want to start fresh, drop and recreate database first
--   - Sample passwords are hashed - use Django admin or create new users
--   - Admin user credentials: username='jnguyen', user_type='admin'
--
-- ================================================================================

USE workoutware;

-- 
-- USER TEST DATA
--

INSERT INTO user_info (
  user_id, username, first_name, last_name, address, town, state, country,
  email, phone_number, password_hash, date_of_birth, height,
  date_registered, date_unregistered, registered, fitness_goal, user_type
	) VALUES
(25, 'kroberts', 'Kevin', 'Roberts', '124 Maple St', 'Springfield', 'IL', 'USA',
 'kevin.roberts@example.com', '3125559825', 'f3a9c5bd901ae9bd54c8f23e1c39f2aa', '1988-04-12',
 178.20, '2024-11-22', NULL, 1, 'Lose Weight', 'client'),
(26, 'mthompson', 'Maria', 'Thompson', '88 Oakridge Ave', 'Riverside', 'CA', 'USA',
 'maria.t@example.com', NULL, 'a72b9d1540e45cfad1182fcd093af87c', '1991-09-03',
 165.10, '2023-07-14', NULL, 1, 'Maintain Weight', 'client'),
(27, 'jnguyen', 'James', 'Nguyen', NULL, 'Portland', 'OR', 'USA',
 'j.nguyen@example.com', '5032224411', 'bbf4ea8e17fbd5ac9120e32aa491ddbe', NULL,
 NULL, '2024-01-08', NULL, 1, NULL, 'admin'),
(28, 'smitchell', 'Sarah', 'Mitchell', '47 Pine View Rd', 'Madison', 'WI', 'USA',
 'sarah.mitchell@example.com', '6085559032', 'c44ddad3c09a1fbe3e1a4e53fa22bd09', '1993-11-19',
 169.40, '2024-05-29', NULL, 1, 'Gain Muscle', 'client'),
(29, 'wturner', 'William', 'Turner', '220 Harbor Dr', 'Charleston', 'SC', 'USA',
 'wturner@example.com', NULL, '140e382bbacdee6542cc8179f99a42cd', '1986-02-25',
 182.00, '2022-08-11', NULL, 0, NULL, 'client'),
(30, 'jlee', 'Jessica', 'Lee', '12 Rosewood Ln', 'Tacoma', 'WA', 'USA',
 'jessica.lee@example.com', '2065557440', '4b82fe8d4cbdacf322ddab003efd0182', '1995-01-30',
 159.70, '2024-09-10', NULL, 1, 'Endurance', 'client'),
(31, 'rchavez', 'Rafael', 'Chavez', NULL, NULL, NULL, 'USA',
 'rafael.chavez@example.net', '9154331288', 'da123b33c9477a7e4cc15824a059d393', '1992-07-07',
 175.00, '2023-04-21', NULL, 1, NULL, 'client'),
(32, 'aowens', 'Amy', 'Owens', '320 Hillcrest Dr', 'Boulder', 'CO', 'USA',
 'amy.owens@example.com', NULL, '88d22dc037993c34f9aa1245c6e3d1b7', '1990-06-17',
 NULL, '2024-02-13', NULL, 1, 'Lose Weight', 'client'),
(33, 'cward', 'Christopher', 'Ward', '95 Birch Rd', 'Salem', 'MA', 'USA',
 'chris.ward@example.com', '6175502288', 'dcb11ef482c37baca039fe44a8e1fe5d', NULL,
 181.50, '2022-12-19', '2024-06-01', 0, NULL, 'client'),
(34, 'lgray', 'Lauren', 'Gray', NULL, 'Atlanta', 'GA', 'USA',
 'lauren.gray@example.org', NULL, 'f119c62e7e43a33c7dee811efbb6a931', '1994-08-28',
 168.00, '2024-10-01', NULL, 1, 'Flexibility', 'client'),
(35, 'pdiaz', 'Paul', 'Diaz', '77 Cypress St', 'Miami', 'FL', 'USA',
 'paul.diaz@example.com', '3054441299', 'c0d997ab44fbef1223a741d98d0fdd73', NULL,
 177.33, '2023-03-11', NULL, 1, NULL, 'client'),
(36, 'mramirez', 'Monica', 'Ramirez', '410 Fox Hollow Ct', 'Phoenix', 'AZ', 'USA',
 'monica.ramirez@example.com', '4803225512', 'e9120d54c8891bdbf45dd22f82e5bc01', '1997-10-05',
 NULL, '2024-03-24', NULL, 1, 'Gain Muscle', 'client'),
(37, 'sdonaldson', 'Samuel', 'Donaldson', NULL, 'Denver', 'CO', 'USA',
 'sam.donaldson@example.com', '7205128834', '6c1e0fb3a41dd9222e1f7229bbcbab0f', '1998-05-09',
 183.20, '2023-09-15', NULL, 1, 'Endurance', 'client'),
(38, 'kpatel', 'Kiran', 'Patel', '249 Elm Ave', 'Edison', 'NJ', 'USA',
 'kpatel@example.net', NULL, '9c84b1de287dac33a9fffab52d32c0b1', '1990-12-18',
 NULL, '2022-11-20', NULL, 1, NULL, 'admin'),
(39, 'obrewer', 'Olivia', 'Brewer', '11 Sunset Way', 'Tempe', 'AZ', 'USA',
 'olivia.brewer@example.com', '4802289922', '5690bb9c8bb248aee2e14bbcd90adc33', '1989-03-14',
 162.00, '2024-04-01', NULL, 1, 'Lose Weight', 'client'),
(40, 'hyoung', 'Henry', 'Young', NULL, NULL, NULL, 'USA',
 'henry.young@example.com', NULL, 'a9cee49f1a33cba447a0dd2e59c0c3cc', NULL,
 NULL, '2024-10-31', '2024-12-15', 0, NULL, 'client'),
(41, 'jcarter', 'Julia', 'Carter', '208 Meadow Ln', 'Fargo', 'ND', 'USA',
 'julia.carter@example.com', '7015501128', '4cd2fa1d0aa3db8c98c144c0f0178220', '1996-04-23',
 166.50, '2023-05-07', NULL, 1, 'Maintain Weight', 'client'),
(42, 'bdaniels', 'Brandon', 'Daniels', '500 Crestwood Dr', 'Lexington', 'KY', 'USA',
 'brandon.d@example.com', NULL, 'ee92adbcff41cd3cf28c90b4f366cc4a', '1993-07-15',
 180.40, '2024-06-17', NULL, 1, 'Strength', 'client'),
(43, 'jrogers', 'Jane', 'Rogers', NULL, 'Boise', 'ID', 'USA',
 'jane.rogers@example.com', '2082224993', '511acb9bcbad8a3344cd12c7f916bcab', NULL,
 NULL, '2023-10-03', NULL, 1, NULL, 'client'),
(44, 'agarcia', 'Alex', 'Garcia', '90 Meadow Ridge', 'San Antonio', 'TX', 'USA',
 'alex.garcia@example.net', NULL, '40fd5acdb1ddc0cba4bf1fd510e6d38b', '1992-11-11',
 174.90, '2024-08-22', NULL, 1, 'Gain Muscle', 'client'),
(45, 'bcoleman', 'Brian', 'Coleman', '65 Forest Cir', 'Columbus', 'OH', 'USA',
 'brian.coleman@example.com', '6145228733', '2ec9dfa3adbd22f090d5a1dbf68acdd3', NULL,
 NULL, '2022-05-30', '2023-01-12', 0, NULL, 'client'),
(46, 'ldavis', 'Lily', 'Davis', '130 Riverbend Ln', 'Raleigh', 'NC', 'USA',
 'lily.davis@example.com', NULL, 'f7cc31ab001ce2abb9472b78d45d05a1', '1999-02-17',
 158.60, '2024-12-05', NULL, 1, 'Flexibility', 'client'),
(47, 'hkim', 'Hannah', 'Kim', '77 Lakeview Blvd', 'Seattle', 'WA', 'USA',
 'hannah.kim@example.com', '2069917720', '0ba91df33c93ab42811c6ed4fa4ac49a', NULL,
 164.20, '2023-09-02', NULL, 1, NULL, 'client'),
(48, 'atorres', 'Antonio', 'Torres', NULL, NULL, 'NM', 'USA',
 'antonio.torres@example.com', NULL, 'af12edbc33bb1c932cad9e4a4480fbda', '1987-05-05',
 NULL, '2024-11-15', NULL, 1, 'Endurance', 'client'),
(49, 'vmorgan', 'Vanessa', 'Morgan', '51 Willow Brook', 'Nashville', 'TN', 'USA',
	 'vanessa.morgan@example.com', '6158223301', '0cc2cadadb03f19a887cdf9a51caf9b2', '1994-06-29',
	 170.80, '2023-02-18', NULL, 1, 'Lose Weight', 'admin');


INSERT INTO auth_user (password, last_login, is_superuser, username, first_name, last_name, email, is_staff, is_active, date_joined) VALUES
('pbkdf2_sha256$260000$a1$ffe8123aa90e3e991b8c4bc3dfb91872','2025-01-05 10:15:21',0,'kroberts','Kevin','Roberts','kevin.roberts@example.com',0,1,'2024-11-22 09:13:00'),
('pbkdf2_sha256$260000$a2$d902ac3b19ff12aa8fc129bd342b17f1','2025-01-07 08:44:09',0,'mthompson','Maria','Thompson','maria.t@example.com',0,1,'2023-07-14 13:22:00'),
('pbkdf2_sha256$260000$a3$7bc1d29eeaa112451ff00b31b0c3fa55','2025-01-09 16:11:47',1,'jnguyen','James','Nguyen','j.nguyen@example.com',1,1,'2024-01-08 15:18:00'),
('pbkdf2_sha256$260000$a4$fa1d334c1bca2219ac09bb2aa71b62fc','2025-01-04 11:55:33',0,'smitchell','Sarah','Mitchell','sarah.mitchell@example.com',0,1,'2024-05-29 10:00:00'),
('pbkdf2_sha256$260000$a5$2e71f1bd9cc88934512aa7e4ce12c681','2025-01-02 09:12:05',0,'wturner','William','Turner','wturner@example.com',0,1,'2022-08-11 14:32:00'),
('pbkdf2_sha256$260000$a6$c44fa22198bd87f19ba0ee77a912dcee','2025-01-08 19:02:44',0,'jlee','Jessica','Lee','jessica.lee@example.com',0,1,'2024-09-10 09:00:00'),
('pbkdf2_sha256$260000$a7$5591c31dcefc11ccd219a1bbcf92ae10','2025-01-06 07:10:21',0,'rchavez','Rafael','Chavez','rafael.chavez@example.net',0,1,'2023-04-21 12:55:00'),
('pbkdf2_sha256$260000$a8$afb19df003aa9287cbb24d21f33fb233','2025-01-03 14:00:57',0,'aowens','Amy','Owens','amy.owens@example.com',0,1,'2024-02-13 17:21:00'),
('pbkdf2_sha256$260000$a9$df93cdafba77b122991cce09f2ba11ce','2025-01-10 12:43:16',0,'cward','Christopher','Ward','chris.ward@example.com',0,1,'2022-12-19 09:41:00'),
('pbkdf2_sha256$260000$a10$aad118c3900e1ca33a2f07831ca0ae11','2025-01-05 16:55:19',0,'lgray','Lauren','Gray','lauren.gray@example.org',0,1,'2024-10-01 08:00:00'),
('pbkdf2_sha256$260000$a11$77ecbb0f8112399d1aab478009d122ee','2025-01-07 11:47:33',0,'pdiaz','Paul','Diaz','paul.diaz@example.com',0,1,'2023-03-11 10:15:00'),
('pbkdf2_sha256$260000$a12$f23bcd1190ccaad771ea129cb33e7121','2025-01-09 09:22:51',0,'mramirez','Monica','Ramirez','monica.ramirez@example.com',0,1,'2024-03-24 15:33:00'),
('pbkdf2_sha256$260000$a13$19fc0ee3aa998db113acd221a0bd4341','2025-01-08 13:40:17',0,'sdonaldson','Samuel','Donaldson','sam.donaldson@example.com',0,1,'2023-09-15 09:47:00'),
('pbkdf2_sha256$260000$a14$bb1d33f9acf1290ce48adde2211fa433','2025-01-04 17:30:09',1,'kpatel','Kiran','Patel','kpatel@example.net',1,1,'2022-11-20 11:55:00'),
('pbkdf2_sha256$260000$a15$dee1129cc0eaa4310bbd99821cd8d12e','2025-01-06 10:29:44',0,'obrewer','Olivia','Brewer','olivia.brewer@example.com',0,1,'2024-04-01 10:20:00'),
('pbkdf2_sha256$260000$a16$aa8e19ffc33d92cbb1aa0ff61930b991','2025-01-03 08:22:11',0,'hyoung','Henry','Young','henry.young@example.com',0,1,'2024-10-31 18:41:00'),
('pbkdf2_sha256$260000$a17$0d1bcbcdcaa82113a0dc771baa33219f','2025-01-05 14:18:01',0,'jcarter','Julia','Carter','julia.carter@example.com',0,1,'2023-05-07 13:29:00'),
('pbkdf2_sha256$260000$a18$1caa938bc11d52ff1909bb2e30cd12ff','2025-01-10 09:41:54',0,'bdaniels','Brandon','Daniels','brandon.d@example.com',0,1,'2024-06-17 07:40:00'),
('pbkdf2_sha256$260000$a19$fe123d991099bbaa1ccbb99233f0accc','2025-01-02 15:09:22',0,'jrogers','Jane','Rogers','jane.rogers@example.com',0,1,'2023-10-03 09:55:00'),
('pbkdf2_sha256$260000$a20$9b1eca1cc0da93ee1200aaf3921177fb','2025-01-07 19:22:15',0,'agarcia','Alex','Garcia','alex.garcia@example.net',0,1,'2024-08-22 12:00:00'),
('pbkdf2_sha256$260000$a21$bbf31ccae310099d11bcaa23d12ef33c','2025-01-03 11:44:39',0,'bcoleman','Brian','Coleman','brian.coleman@example.com',0,1,'2022-05-30 16:20:00'),
('pbkdf2_sha256$260000$a22$cdbb8130199acccc22dd9931aaef09bc','2025-01-08 15:50:14',0,'ldavis','Lily','Davis','lily.davis@example.com',0,1,'2024-12-05 09:12:00'),
('pbkdf2_sha256$260000$a23$dcfee7190cbb11ed33aa998201cd3700','2025-01-09 18:02:57',0,'hkim','Hannah','Kim','hannah.kim@example.com',0,1,'2023-09-02 08:33:00'),
('pbkdf2_sha256$260000$a24$f2130bce12ee09cc41bb129cb3de2210','2025-01-04 12:29:01',0,'atorres','Antonio','Torres','antonio.torres@example.com',0,1,'2024-11-15 19:55:00'),
('pbkdf2_sha256$260000$a25$a1bf33aa9981ddcc00ff1932a0eec19d','2025-01-10 14:37:48',1,'vmorgan','Vanessa','Morgan','vanessa.morgan@example.com',1,1,'2023-02-18 15:16:00');

 --
 -- EXERCISE TEST DATA
 --
 
 INSERT INTO exercise (exercise_id, name, type, subtype, equipment, difficulty, description, demo_link) VALUES
(1,'Push-Up','Strength','Upper Body','None',2,'A bodyweight exercise targeting chest, shoulders, and triceps.','https://www.youtube.com/watch?v=_l3ySVKYVJ8&pp=ygUMcHVzaCB1cCBkZW1v'),
(2,'Squat','Strength','Lower Body','None',2,'A foundational lower-body movement building strength in legs and glutes.','https://www.youtube.com/watch?v=xqvCmoLULNY&pp=ygUKc3F1YXQgZGVtbw%3D%3D'),
(3,'Deadlift','Strength','Full Body','Barbell',4,'A compound lift developing posterior chain strength.','https://www.youtube.com/watch?v=1ZXobu7JvvE&pp=ygUNZGVhZGxpZnQgZGVtbw%3D%3D'),
(4,'Bench Press','Strength','Upper Body','Barbell',3,'Classic chest exercise improving pushing power.','https://www.youtube.com/watch?v=SCVCLChPQFY&pp=ygUPYmVuY2hwcmVzcyBkZW1v'),
(5,'Overhead Press','Strength','Upper Body','Dumbbells',3,'Pressing movement that strengthens shoulders and arms.','https://www.youtube.com/watch?v=cGnhixvC8uA&pp=ygUTb3ZlcmhlYWQgcHJlc3MgZGVtb9IHCQklCgGHKiGM7w%3D%3D'),
(6,'Pull-Up','Strength','Upper Body','Pull-Up Bar',4,'Vertical pulling movement targeting back and biceps.','https://www.youtube.com/watch?v=aAggnpPyR6E&pp=ygULcHVsbHVwIGRlbW8%3D'),
(7,'Lunge','Strength','Lower Body','None',2,'Single-leg exercise improving stability and leg strength.','https://www.youtube.com/shorts/38xlLGfguz4'),
(8,'Plank','Core','Endurance','None',1,'Isometric core exercise improving trunk stability.','https://www.youtube.com/watch?v=pvIjsG5Svck&t=2s&pp=ygULcGxhbmsgZGVtbyA%3D'),
(9,'Mountain Climbers','Cardio','Endurance','None',2,'Fast-paced core and cardio movement.','https://www.youtube.com/watch?v=hq_0YlyfqGM&pp=ygUXbW91bnRhaW4gY2xpbWJlcnMgZGVtbyA%3D'),
(10,'Burpee','HIIT','Full Body','None',4,'Explosive full-body conditioning exercise.','https://www.youtube.com/watch?v=auBLPXO8Fww&pp=ygUMYnVycGVlIGRlbW8g'),
(11,'Russian Twist','Core','Rotation','None',2,'Rotational exercise strengthening obliques.','https://www.youtube.com/watch?v=99T1EfpMwPA&pp=ygUScnVzc2lhbiB0d2lzdGRlbW8g'),
(12,'Bicycle Crunch','Core','Endurance','None',2,'Core exercise engaging abs and obliques.','https://www.youtube.com/watch?v=cV5SHnc5LbM&pp=ygUVYmljaXljbGUgY3J1bmNoIGRlbW8g'),
(13,'Leg Press','Strength','Lower Body','Machine',3,'Machine-based leg strengthening exercise.','https://www.youtube.com/watch?v=8EMbB0tCn7Q&pp=ygUPbGVnIHByZXNzIGRlbW8g'),
(14,'Leg Curl','Strength','Lower Body','Machine',2,'Hamstring isolation movement.','https://www.youtube.com/watch?v=SiwJ_T62l9c&pp=ygUObGVnIGN1cmwgZGVtbyA%3D'),
(15,'Leg Extension','Strength','Lower Body','Machine',2,'Quadriceps-focused isolation exercise.','https://www.youtube.com/watch?v=MpEydcQ1oDw&pp=ygUTbGVnIGV4dGVuc2lvbiBkZW1vIA%3D%3D'),
(16,'Lat Pulldown','Strength','Upper Body','Machine',3,'Back exercise mimicking the pull-up pattern.','https://www.youtube.com/watch?v=NAIEnMjN-6w&pp=ygUTbGF0IHB1bGwgZG93biBkZW1vIA%3D%3D'),
(17,'Seated Row','Strength','Upper Body','Cable Machine',3,'Horizontal pulling exercise targeting back and arms.','https://www.youtube.com/watch?v=xQNrFHEMhI4&pp=ygUQc2VhdGVkIHJvdyBkZW1vIA%3D%3Dg'),
(18,'Tricep Dip','Strength','Upper Body','Dip Bars',3,'Bodyweight exercise strengthening triceps and chest.','https://www.youtube.com/watch?v=LlH-NDypZa4&pp=ygUQdHJpY2VwIGRpcCBkZW1vIA%3D%3D'),
(19,'Bicep Curl','Strength','Upper Body','Dumbbells',1,'Arm isolation exercise for biceps.','https://www.youtube.com/watch?v=_HF3957vEeE&pp=ygUQYmljZXAgY3VybCBkZW1vIA%3D%3D'),
(20,'Hammer Curl','Strength','Upper Body','Dumbbells',2,'Variation of bicep curl targeting brachialis.','https://www.youtube.com/watch?v=CFBZ4jN1CMI&pp=ygUQaGFtbWVyY3VybCBkZW1vINIHCQklCgGHKiGM7w%3D%3D'),
(21,'Shoulder Fly','Strength','Upper Body','Dumbbells',2,'Shoulder isolation movement for deltoids.','https://www.youtube.com/watch?v=GplnXF7e2SA&pp=ygURc2hvdWxkZXJmbHkgZGVtbyA%3D'),
(22,'Side Plank','Core','Stability','None',2,'Isometric oblique exercise improving lateral stability.','https://www.youtube.com/watch?v=Oe9Tp9SvTCE&pp=ygUQc2lkZSBwbGFuayBkZW1vIA%3D%3D'),
(23,'Hip Thrust','Strength','Lower Body','Barbell',3,'Glute-focused movement improving hip strength.','https://www.youtube.com/watch?v=4z_2oHvIvkA&pp=ygUQaGlwIHRocnVzdCBkZW1vIA%3D%3D'),
(24,'Glute Bridge','Strength','Lower Body','None',1,'Glute activation exercise using bodyweight.','https://www.youtube.com/watch?v=OUgsJ8-Vi0E&pp=ygUMZ2x1dGUgYnJpZGdl'),
(25,'Calf Raise','Strength','Lower Body','Machine',1,'Simple movement strengthening calf muscles.','https://www.youtube.com/watch?v=_iYwv4QVFjM&pp=ygUKY2FsZiByYWlzZQ%3D%3D'),
(26,'Box Jump','Plyometric','Power','Box',4,'Explosive jumping exercise improving athleticism.','https://www.youtube.com/watch?v=52r_Ul5k03g&pp=ygUIYm94IGp1bXA%3D'),
(27,'Jump Rope','Cardio','Endurance','Jump Rope',2,'High-intensity cardiovascular exercise.','https://www.youtube.com/watch?v=a0Hrvh4RS3o&pp=ygUSanVtcCByb3BlIHdvcmtvdXQg'),
(28,'Rowing Machine','Cardio','Endurance','Rowing Machine',3,'Full-body cardio workout simulating rowing.','https://www.youtube.com/watch?v=6_eLpWiNijE&pp=ygULcm93aW5nIGRlbW8%3D'),
(29,'Treadmill Run','Cardio','Endurance','Treadmill',2,'Running exercise performed indoors on a treadmill.','https://www.youtube.com/watch?v=ALurmVCu9ZY&pp=ygUOdHJlYWRtaWxsIGRlbW8%3D'),
(30,'Stair Climb','Cardio','Endurance','Stair Machine',2,'Cardio movement strengthening legs and lungs.','https://www.youtube.com/watch?v=V2EQYdMw4Do&pp=ygUQc3RhaXJtYXN0ZXIgZGVtbw%3D%3D'),
(31,'Flutter Kicks','Core','Endurance','None',2,'Lower abdominal exercise performed on the floor.','https://www.youtube.com/watch?v=ZB1SwBRVLCc&pp=ygUSZmx1dHRlciBraWNrcyBkZW1v'),
(32,'Superman Hold','Core','Stability','None',1,'Posterior chain exercise improving back endurance.','https://www.youtube.com/watch?v=J9zXkxUAfUA&pp=ygUOc3VwZXJtYW4gIGRlbW8%3D'),
(33,'Farmer Carry','Strength','Full Body','Dumbbells',3,'Loaded carry improving grip, core, and full-body strength.','https://www.youtube.com/watch?v=p5MNNosenJc&pp=ygURZmFybWVyIGNhcnJ5IGRlbW8%3D'),
(34,'Kettlebell Swing','Strength','Power','Kettlebell',3,'Explosive hip-hinge exercise training power and conditioning.','https://www.youtube.com/watch?v=YSxHifyI6s8&pp=ygUVa2V0dGxlYmVsbCBzd2luZyBkZW1v'),
(35,'Turkish Get-Up','Strength','Full Body','Kettlebell',5,'Complex movement requiring strength, mobility, and coordination.','https://www.youtube.com/watch?v=sgd8n917Zv0&pp=ygUSdHVya2lzaCBnZXR1cCBkZW1v0gcJCSUKAYcqIYzv'),
(36,'Wall Sit','Strength','Endurance','None',1,'Isometric leg exercise increasing lower-body endurance.','https://www.youtube.com/watch?v=-cdph8hv0O0&pp=ygUNd2FsbCBzaXQgZGVtbw%3D%3D'),
(37,'Bird Dog','Stability','Core Stability','None',1,'Controlled movement improving core stability and balance.','https://www.youtube.com/watch?v=QVRtIHp9h-M&pp=ygUNYmlyZCBkb2cgZGVtbw%3D%3D'),
(38,'Cable Woodchop','Core','Rotation','Cable Machine',3,'Rotational movement targeting obliques and hips.','https://www.youtube.com/watch?v=yPvAj_X_5NM&pp=ygUTY2FibGUgd29vZGNob3AgZGVtbw%3D%3D'),
(39,'Chest Fly','Strength','Upper Body','Cable Machine',2,'Chest isolation movement performed with cables or dumbbells.','https://www.youtube.com/watch?v=hhruLxo9yZU&pp=ygUcY2hlc3QgZmx5IGNhYmxlIG1hY2hpbmUgZGVtbw%3D%3D'),
(40,'Incline Press','Strength','Upper Body','Dumbbells',3,'Press variation targeting upper chest.','https://www.youtube.com/shorts/5orOHJL2qS4'),
(41,'Reverse Lunge','Strength','Lower Body','None',2,'Single-leg movement reducing knee load and improving stability.','https://www.youtube.com/watch?v=5frs7_F2SrU&pp=ygUUaG93IHRvIHJldmVyc2UgbHVuZ2XSBwkJJQoBhyohjO8%3D'),
(42,'High Knees','Cardio','Endurance','None',2,'Stationary running drill improving speed and conditioning.','https://www.youtube.com/watch?v=N4VwL0WGhzw&pp=ygUSaG93IHRvIGhpZ2gga25lZXMg'),
(43,'Jump Squat','Plyometric','Power','None',3,'Explosive squat variation developing lower-body power.','https://www.youtube.com/watch?v=BRfxI2Es2lE&pp=ygURaG93IHRvIGp1bXAgc3F1YXTSBwkJJQoBhyohjO8%3D'),
(44,'Bent Over Row','Strength','Upper Body','Barbell',3,'Pulling movement building back strength.','https://www.youtube.com/shorts/UL8ZcK64KxA'),
(45,'Arnold Press','Strength','Upper Body','Dumbbells',3,'Shoulder press variation increasing range of motion.','https://www.youtube.com/watch?v=3ml7BH7mNwQ&pp=ygURYXJub2xkIHByZXNzIGRlbW8%3D'),
(46,'Tricep Kickback','Strength','Upper Body','Dumbbells',1,'Tricep isolation movement performed bent over.','https://www.youtube.com/watch?v=f3E7eEq2c6c&pp=ygUUdHJpY2VwIGtpY2tiYWNrIGRlbW8%3D'),
(47,'Face Pull','Strength','Upper Body','Cable Machine',2,'Rear delt and upper back strengthening exercise.','https://www.youtube.com/watch?v=0Po47vvj9g4&pp=ygUNZmFjZXB1bGwgZGVtb9IHCQklCgGHKiGM7w%3D%3D'),
(48,'Side Shuffle','Cardio','Agility','None',2,'Lateral footwork drill improving speed and coordination.','https://www.youtube.com/watch?v=y-yPka1hGws&pp=ygURc2lkZSBzaHVmZmxlIGRlbW8%3D'),
(49,'Pike Push-Up','Strength','Upper Body','None',4,'Bodyweight progression emphasizing shoulder strength.','https://www.youtube.com/watch?v=XckEEwa1BPI&pp=ygUQcGlrZSBwdXNodXAgZGVtbw%3D%3D'),
(50,'Hollow Hold','Core','Stability','None',3,'Isometric abdominal exercise for overall core tension.','https://www.youtube.com/watch?v=Gkh7ZF_lcGw&pp=ygUPaG9sbG93aG9sZCBkZW1v');

-- 
-- TARGET TEST DATA
--

INSERT INTO target (target_id, target_name, target_group, target_function) VALUES
(1,'Chest','Upper Body','Horizontal pushing and shoulder adduction'),
(2,'Back','Upper Body','Pulling, spinal extension, and scapular retraction'),
(3,'Quadriceps','Lower Body','Knee extension and leg stabilization'),
(4,'Hamstrings','Lower Body','Knee flexion and hip extension'),
(5,'Glutes','Lower Body','Hip extension, abduction, and pelvic stabilization'),
(6,'Abdominals','Core','Trunk flexion and core stabilization'),
(7,'Obliques','Core','Trunk rotation and lateral flexion'),
(8,'Calves','Lower Body','Ankle plantar flexion and balance support'),
(9,'Shoulders','Upper Body','Arm elevation and rotational stability'),
(10,'Biceps','Upper Body','Elbow flexion'),
(11,'Triceps','Upper Body','Elbow extension'),
(12,'Forearms','Upper Body','Grip strength and wrist stabilization'),
(13,'Hip Flexors','Lower Body','Hip flexion and lower-limb mobility'),
(14,'Lower Back','Core','Spinal extension and posture support'),
(15,'Adductors','Lower Body','Hip adduction and pelvic stabilization'),
(16,'Abductors','Lower Body','Hip abduction and lateral stability'),
(17,'Upper Back','Upper Body','Scapular retraction and posture control'),
(18,'Neck','Upper Body','Cervical flexion, extension, and rotation'),
(19,'Rotator Cuff','Upper Body','Shoulder stabilization and rotation'),
(20,'Core Stabilizers','Core','Deep trunk stabilization and posture control'),
(21,'Glute Medius','Lower Body','Hip abduction and pelvic alignment'),
(22,'Hip External Rotators','Lower Body','External rotation and pelvic control'),
(23,'Serratus Anterior','Upper Body','Scapular protraction and rib stability'),
(24,'Lats','Upper Body','Shoulder extension and adduction'),
(25,'Tibialis Anterior','Lower Body','Ankle dorsiflexion and gait control');

INSERT INTO workout_sessions (session_id, user_id, session_name, session_date, start_time, end_time, duration_minutes, bodyweight, completed, is_template) VALUES
(1,5,'Upper Body Strength','2025-11-26','17:15:00','18:10:00',55,80.10,1,0),
(2,5,'Lower Body Strength','2025-11-28','09:45:00','10:50:00',65,80.05,1,0),
(3,5,'Upper Body Hypertrophy','2025-11-30','18:00:00','19:05:00',65,80.00,1,0),
(4,5,'Core + Mobility','2025-12-01','06:40:00','07:15:00',35,79.95,1,0),
(5,5,'Upper Body Push Day','2025-12-02','17:00:00','17:50:00',50,79.90,1,0),
(6,5,'Cardio Endurance','2025-12-03','07:10:00','07:55:00',45,80.00,1,0),
(7,5,'Upper Body Pull Day','2025-12-05','18:20:00','19:10:00',50,80.15,1,0),
(8,5,'Leg Power','2025-12-06','10:10:00','11:00:00',50,80.20,1,0),
(9,5,'Active Recovery','2025-12-07','14:00:00','14:25:00',25,80.05,1,0),
(10,5,'Full Body Conditioning','2025-12-08','17:25:00','18:05:00',40,80.10,1,0),
(11,5,'Upper Body Mixed Strength','2025-12-09','17:10:00','18:00:00',50,80.10,1,0),
(12,5,'Strength Template A','2025-11-01',NULL,NULL,NULL,NULL,0,1),
(13,5,'Strength Template B','2025-11-01',NULL,NULL,NULL,NULL,0,1),
(14,5,'Conditioning Template','2025-11-01',NULL,NULL,NULL,NULL,0,1),
(15,5,'Mobility Template','2025-11-01',NULL,NULL,NULL,NULL,0,1);

INSERT INTO session_exercises (session_exercise_id, session_id, exercise_id, exercise_order, target_sets, target_reps, completed) VALUES
(1,1,1,1,4,12,1),
(2,1,4,2,4,10,1),
(3,1,6,3,3,8,1),
(4,1,10,4,3,12,1),
(5,3,1,1,4,10,1),
(6,3,5,2,3,8,1),
(7,3,4,3,4,10,1),
(8,5,4,1,4,12,1),
(9,5,5,2,3,10,1),
(10,5,6,3,3,8,1),
(11,7,1,1,4,12,1),
(12,7,6,2,3,10,1),
(13,7,19,3,3,12,1),
(14,11,1,1,4,10,1),
(15,11,4,2,4,8,1),
(16,11,5,3,3,10,1),
(17,11,10,4,3,12,1);

INSERT INTO sets (set_id, session_exercise_id, set_number, weight, reps, rpe, completed, is_warmup, completion_time) VALUES
(1,1,1,40.00,12,7,1,0,'2025-11-26 17:15:00'),
(2,1,2,45.00,12,8,1,0,'2025-11-26 17:25:00'),
(3,1,3,50.00,12,8,1,0,'2025-11-26 17:35:00'),
(4,1,4,55.00,12,9,1,0,'2025-11-26 17:45:00'),
(5,2,1,60.00,10,7,1,0,'2025-11-26 17:55:00'),
(6,2,2,65.00,10,8,1,0,'2025-11-26 18:05:00'),
(7,2,3,70.00,10,8,1,0,'2025-11-26 18:15:00'),
(8,3,1,42.00,10,7,1,0,'2025-11-30 18:00:00'),
(9,3,2,47.00,10,8,1,0,'2025-11-30 18:10:00'),
(10,3,3,52.00,10,8,1,0,'2025-11-30 18:20:00'),
(11,4,1,50.00,12,7,1,0,'2025-12-02 17:00:00'),
(12,4,2,55.00,12,8,1,0,'2025-12-02 17:10:00'),
(13,4,3,60.00,12,8,1,0,'2025-12-02 17:20:00'),
(14,5,1,45.00,12,7,1,0,'2025-12-05 18:20:00'),
(15,5,2,50.00,12,8,1,0,'2025-12-05 18:30:00'),
(16,5,3,55.00,12,9,1,0,'2025-12-05 18:40:00'),
(17,6,1,42.00,10,7,1,0,'2025-12-09 17:10:00'),
(18,6,2,47.00,10,8,1,0,'2025-12-09 17:20:00'),
(19,6,3,52.00,10,8,1,0,'2025-12-09 17:30:00'),
(20,6,4,57.00,10,9,1,0,'2025-12-09 17:40:00'),
(21,7,1,40.00,12,7,1,0,'2025-12-09 18:20:00'),
(22,7,2,45.00,12,8,1,0,'2025-12-09 18:30:00'),
(23,7,3,50.00,12,8,1,0,'2025-12-09 18:40:00'),
(24,8,1,50.00,12,7,1,0,'2025-12-02 17:10:00'),
(25,8,2,55.00,12,8,1,0,'2025-12-02 17:20:00'),
(26,8,3,60.00,12,9,1,0,'2025-12-02 17:30:00'),
(27,9,1,42.00,10,7,1,0,'2025-12-05 18:50:00'),
(28,9,2,47.00,10,8,1,0,'2025-12-05 19:00:00'),
(29,9,3,52.00,10,8,1,0,'2025-12-05 19:10:00'),
(30,10,1,40.00,12,7,1,0,'2025-12-09 17:10:00'),
(31,10,2,45.00,12,8,1,0,'2025-12-09 17:20:00'),
(32,10,3,50.00,12,8,1,0,'2025-12-09 17:30:00'),
(33,10,4,55.00,12,9,1,0,'2025-12-09 17:40:00'),
(34,11,1,42.00,10,7,1,0,'2025-12-09 17:10:00'),
(35,11,2,47.00,10,8,1,0,'2025-12-09 17:20:00'),
(36,11,3,52.00,10,8,1,0,'2025-12-09 17:30:00'),
(37,12,1,40.00,12,7,1,0,'2025-12-09 17:10:00'),
(38,12,2,45.00,12,8,1,0,'2025-12-09 17:20:00'),
(39,12,3,50.00,12,8,1,0,'2025-12-09 17:30:00'),
(40,13,1,42.00,10,7,1,0,'2025-12-09 17:40:00'),
(41,13,2,47.00,10,8,1,0,'2025-12-09 17:50:00'),
(42,13,3,52.00,10,8,1,0,'2025-12-09 18:00:00'),
(43,14,1,40.00,12,7,1,0,'2025-12-09 18:10:00'),
(44,14,2,45.00,12,8,1,0,'2025-12-09 18:20:00'),
(45,14,3,50.00,12,8,1,0,'2025-12-09 18:30:00'),
(46,15,1,50.00,12,7,1,0,'2025-12-09 18:40:00'),
(47,15,2,55.00,12,8,1,0,'2025-12-09 18:50:00'),
(48,15,3,60.00,12,9,1,0,'2025-12-09 19:00:00'),
(49,16,1,42.00,10,7,1,0,'2025-12-09 19:10:00'),
(50,16,2,47.00,10,8,1,0,'2025-12-09 19:20:00'),
(51,16,3,52.00,10,8,1,0,'2025-12-09 19:30:00'),
(52,16,4,57.00,10,9,1,0,'2025-12-09 19:40:00'),
(53,17,1,40.00,12,7,1,0,'2025-12-09 19:50:00'),
(54,17,2,45.00,12,8,1,0,'2025-12-09 20:00:00'),
(55,17,3,50.00,12,8,1,0,'2025-12-09 20:10:00'),
(56,17,4,55.00,12,9,1,0,'2025-12-09 20:20:00');

INSERT INTO user_pb (pr_id, user_id, exercise_id, pr_type, pb_weight, pb_reps, pb_time, pb_date, previous_pr, notes) VALUES
(1,5,1,'weight',50.00,12,NULL,'2025-11-30',45.00,'Push-Up PR from Upper Body sessions'),
(2,5,4,'weight',70.00,10,NULL,'2025-11-26',65.00,'Bench Press PR achieved in session 2'),
(3,5,5,'weight',60.00,12,NULL,'2025-12-02',55.00,'Overhead Press PR set in session 4'),
(4,5,6,'weight',57.00,10,NULL,'2025-12-09',52.00,'Pull-Up weighted PR reached in session 16'),
(5,5,10,'weight',55.00,12,NULL,'2025-12-09',50.00,'Bicep Curl PR in session 17'),
(6,5,19,'weight',52.00,12,NULL,'2025-12-09',47.00,'Tricep Kickback PR in session 13');

INSERT INTO user_stats_log (log_id, user_id, date, weight, neck, waist, hips, body_fat_percentage, notes) VALUES
(1,5,'2025-08-01',180.0,15.0,34.0,38.0,21.0,'Starting weekly measurements'),
(2,5,'2025-08-08',179.5,14.9,33.8,37.8,20.8,'Slight drop after consistent workouts'),
(3,5,'2025-08-15',180.2,15.1,34.1,38.2,20.9,'Small increase, water retention'),
(4,5,'2025-08-22',179.0,14.8,33.7,37.6,20.5,'Good fat loss week'),
(5,5,'2025-08-29',178.5,14.7,33.5,37.4,20.3,'Steady progress'),
(6,5,'2025-09-05',179.0,14.8,33.6,37.5,20.4,'Slight rebound, still trending down'),
(7,5,'2025-09-12',177.8,14.6,33.3,37.2,20.1,'Strong week, good adherence'),
(8,5,'2025-09-19',177.5,14.6,33.2,37.0,20.0,'Weight continues to decrease'),
(9,5,'2025-09-26',178.0,14.7,33.4,37.1,20.1,'Small fluctuation due to hydration'),
(10,5,'2025-10-03',176.8,14.5,33.0,36.8,19.8,'Downward trend continues'),
(11,5,'2025-10-10',177.2,14.6,33.2,36.9,19.9,'Slight rebound, consistent training'),
(12,5,'2025-10-17',176.0,14.5,32.9,36.7,19.7,'Progressing nicely'),
(13,5,'2025-10-24',175.5,14.4,32.7,36.5,19.5,'Good fat loss week'),
(14,5,'2025-10-31',176.0,14.5,32.8,36.6,19.6,'Minor fluctuation, still trending down'),
(15,5,'2025-11-07',174.8,14.3,32.5,36.3,19.3,'Steady improvement'),
(16,5,'2025-11-14',175.2,14.4,32.6,36.4,19.4,'Slight rebound'),
(17,5,'2025-11-21',174.5,14.3,32.4,36.2,19.2,'Back on track'),
(18,5,'2025-11-28',174.0,14.2,32.2,36.0,19.0,'Good downward trend'),
(19,5,'2025-12-05',173.5,14.2,32.0,35.8,18.9,'Consistent fat loss');

INSERT INTO workout_plan (plan_id, user_id, plan_description, plan_type, number_of_days) VALUES
(1,5,'Full body strength program focusing on compound lifts: squat, deadlift, bench press. Includes accessory work for upper and lower body.','Strength',4),
(2,5,'Upper/lower split for hypertrophy. Upper body days include push and pull exercises, lower body days focus on legs and glutes.','Hypertrophy',5),
(3,5,'Cardio and endurance plan including running, rowing, and bodyweight circuits. Low weight, high reps for conditioning.','Endurance',3),
(4,5,'Push/pull/legs cycle emphasizing progressive overload. Includes core strengthening and mobility exercises.','Strength/Hypertrophy',6),
(5,5,'Maintenance plan combining light strength training and moderate cardio to maintain fitness levels.','Maintenance',3);

INSERT INTO exercise_target_association (association_id, exercise_id, target_id, intensity) VALUES
(1,1,1,'high'),
(2,1,2,'medium'),
(3,1,3,'medium'),
(4,2,4,'high'),
(5,2,5,'medium'),
(6,2,6,'low'),
(7,3,7,'high'),
(8,3,8,'medium'),
(9,3,9,'low'),
(10,4,10,'high'),
(11,4,11,'medium'),
(12,4,12,'medium'),
(13,5,13,'high'),
(14,5,14,'medium'),
(15,5,15,'low'),
(16,6,16,'high'),
(17,6,17,'medium'),
(18,6,18,'low'),
(19,7,19,'high'),
(20,7,20,'medium'),
(21,7,21,'medium'),
(22,8,22,'high'),
(23,8,23,'medium'),
(24,8,24,'low'),
(25,9,25,'high'),
(26,9,1,'medium'),
(27,9,2,'low'),
(28,10,3,'high'),
(29,10,4,'medium'),
(30,10,5,'medium'),
(31,11,6,'high'),
(32,11,7,'medium'),
(33,11,8,'low'),
(34,12,9,'high'),
(35,12,10,'medium'),
(36,12,11,'low'),
(37,13,12,'high'),
(38,13,13,'medium'),
(39,13,14,'low'),
(40,14,15,'high'),
(41,14,16,'medium'),
(42,14,17,'low'),
(43,15,18,'high'),
(44,15,19,'medium'),
(45,15,20,'low'),
(46,16,21,'high'),
(47,16,22,'medium'),
(48,16,23,'low'),
(49,17,24,'high'),
(50,17,25,'medium'),
(51,17,1,'low'),
(52,18,2,'high'),
(53,18,3,'medium'),
(54,18,4,'low'),
(55,19,5,'high'),
(56,19,6,'medium'),
(57,19,7,'low'),
(58,20,8,'high'),
(59,20,9,'medium'),
(60,20,10,'low'),
(61,21,11,'high'),
(62,21,12,'medium'),
(63,21,13,'low'),
(64,22,14,'high'),
(65,22,15,'medium'),
(66,22,16,'low'),
(67,23,17,'high'),
(68,23,18,'medium'),
(69,23,19,'low'),
(70,24,20,'high'),
(71,24,21,'medium'),
(72,24,22,'low'),
(73,25,23,'high'),
(74,25,24,'medium'),
(75,25,25,'low'),
(76,26,1,'high'),
(77,26,2,'medium'),
(78,26,3,'low'),
(79,27,4,'high'),
(80,27,5,'medium'),
(81,27,6,'low'),
(82,28,7,'high'),
(83,28,8,'medium'),
(84,28,9,'low'),
(85,29,10,'high'),
(86,29,11,'medium'),
(87,29,12,'low'),
(88,30,13,'high'),
(89,30,14,'medium'),
(90,30,15,'low'),
(91,31,16,'high'),
(92,31,17,'medium'),
(93,31,18,'low'),
(94,32,19,'high'),
(95,32,20,'medium'),
(96,32,21,'low'),
(97,33,22,'high'),
(98,33,23,'medium'),
(99,33,24,'low'),
(100,34,25,'high'),
(101,34,1,'medium'),
(102,34,2,'low'),
(103,35,3,'high'),
(104,35,4,'medium'),
(105,35,5,'low'),
(106,36,6,'high'),
(107,36,7,'medium'),
(108,36,8,'low'),
(109,37,9,'high'),
(110,37,10,'medium'),
(111,37,11,'low'),
(112,38,12,'high'),
(113,38,13,'medium'),
(114,38,14,'low'),
(115,39,15,'high'),
(116,39,16,'medium'),
(117,39,17,'low'),
(118,40,18,'high'),
(119,40,19,'medium'),
(120,40,20,'low'),
(121,41,21,'high'),
(122,41,22,'medium'),
(123,41,23,'low'),
(124,42,24,'high'),
(125,42,25,'medium'),
(126,42,1,'low'),
(127,43,2,'high'),
(128,43,3,'medium'),
(129,43,4,'low'),
(130,44,5,'high'),
(131,44,6,'medium'),
(132,44,7,'low'),
(133,45,8,'high'),
(134,45,9,'medium'),
(135,45,10,'low'),
(136,46,11,'high'),
(137,46,12,'medium'),
(138,46,13,'low'),
(139,47,14,'high'),
(140,47,15,'medium'),
(141,47,16,'low'),
(142,48,17,'high'),
(143,48,18,'medium'),
(144,48,19,'low'),
(145,49,20,'high'),
(146,49,21,'medium'),
(147,49,22,'low'),
(148,50,23,'high'),
(149,50,24,'medium'),
(150,50,25,'low');

INSERT INTO goals (goal_id, user_id, goal_type, goal_description, target_value, current_value, unit, exercise_id, start_date, target_date, status, completion_date) VALUES
(1,5,'Push-Up Strength','Increase max push-ups','50.00','35.00','reps',1,'2025-09-01','2025-12-01','active',NULL),
(2,5,'Bench Press Strength','Increase bench press max weight','200.00','175.00','lbs',4,'2025-09-02','2025-12-02','active',NULL),
(3,5,'Overhead Press Strength','Increase overhead press max weight','150.00','130.00','lbs',5,'2025-09-03','2025-12-03','active',NULL),
(4,5,'Pull-Up Endurance','Increase number of pull-ups','12.00','8.00','reps',6,'2025-09-05','2025-12-05','active',NULL),
(5,5,'Lat Pulldown Strength','Increase lat pulldown max','160.00','140.00','lbs',16,'2025-09-06','2025-12-06','active',NULL);

INSERT INTO progress (progress_id, user_id, exercise_id, date, period_type, max_weight, avg_weight, total_volume, workout_count) VALUES
(1,5,1,'2025-11-01','weekly',NULL,NULL,1050.00,3),
(2,5,1,'2025-11-08','weekly',NULL,NULL,1120.00,3),
(3,5,1,'2025-11-15','weekly',NULL,NULL,1180.00,3),
(4,5,4,'2025-11-01','weekly',175.00,150.00,5600.00,2),
(5,5,4,'2025-11-08','weekly',180.00,155.00,6000.00,2),
(6,5,4,'2025-11-15','weekly',185.00,160.00,6400.00,2),
(7,5,5,'2025-11-01','weekly',130.00,115.00,3450.00,2),
(8,5,5,'2025-11-08','weekly',135.00,120.00,3600.00,2),
(9,5,5,'2025-11-15','weekly',140.00,125.00,3750.00,2),
(10,5,6,'2025-11-01','weekly',NULL,NULL,320.00,2),
(11,5,6,'2025-11-08','weekly',NULL,NULL,350.00,2),
(12,5,6,'2025-11-15','weekly',NULL,NULL,380.00,2),
(13,5,16,'2025-11-01','weekly',140.00,120.00,4200.00,2),
(14,5,16,'2025-11-08','weekly',145.00,125.00,4500.00,2),
(15,5,16,'2025-11-15','weekly',150.00,130.00,4800.00,2),
(16,5,17,'2025-11-01','weekly',140.00,120.00,4200.00,2),
(17,5,17,'2025-11-08','weekly',145.00,125.00,4500.00,2),
(18,5,17,'2025-11-15','weekly',150.00,130.00,4800.00,2),
(19,5,18,'2025-11-01','weekly',NULL,NULL,600.00,2),
(20,5,18,'2025-11-08','weekly',NULL,NULL,650.00,2),
(21,5,18,'2025-11-15','weekly',NULL,NULL,700.00,2),
(22,5,19,'2025-11-01','weekly',40.00,35.00,1400.00,2),
(23,5,19,'2025-11-08','weekly',42.00,37.00,1480.00,2),
(24,5,19,'2025-11-15','weekly',45.00,40.00,1600.00,2),
(25,5,20,'2025-11-01','weekly',35.00,28.00,980.00,2),
(26,5,20,'2025-11-08','weekly',37.00,30.00,1050.00,2),
(27,5,20,'2025-11-15','weekly',40.00,32.00,1120.00,2),
(28,5,21,'2025-11-01','weekly',25.00,20.00,500.00,2),
(29,5,21,'2025-11-08','weekly',27.00,22.00,550.00,2),
(30,5,21,'2025-11-15','weekly',30.00,25.00,600.00,2),
(31,5,39,'2025-11-01','weekly',60.00,50.00,1800.00,2),
(32,5,39,'2025-11-08','weekly',62.00,52.00,1900.00,2),
(33,5,39,'2025-11-15','weekly',65.00,55.00,2000.00,2),
(34,5,40,'2025-11-01','weekly',160.00,140.00,4800.00,2),
(35,5,40,'2025-11-08','weekly',165.00,145.00,5000.00,2),
(36,5,40,'2025-11-15','weekly',170.00,150.00,5200.00,2),
(37,5,44,'2025-11-01','weekly',160.00,140.00,4800.00,2),
(38,5,44,'2025-11-08','weekly',165.00,145.00,5000.00,2),
(39,5,44,'2025-11-15','weekly',170.00,150.00,5200.00,2),
(40,5,45,'2025-11-01','weekly',120.00,100.00,2400.00,2),
(41,5,45,'2025-11-08','weekly',125.00,105.00,2600.00,2),
(42,5,45,'2025-11-15','weekly',130.00,110.00,2800.00,2),
(43,5,46,'2025-11-01','weekly',20.00,15.00,300.00,2),
(44,5,46,'2025-11-08','weekly',22.00,17.00,340.00,2),
(45,5,46,'2025-11-15','weekly',25.00,20.00,380.00,2),
(46,5,47,'2025-11-01','weekly',50.00,45.00,1350.00,2),
(47,5,47,'2025-11-08','weekly',52.00,47.00,1450.00,2),
(48,5,47,'2025-11-15','weekly',55.00,50.00,1550.00,2),
(49,5,49,'2025-11-01','weekly',15.00,10.00,300.00,2),
(50,5,49,'2025-11-08','weekly',18.00,12.00,360.00,2),
(51,5,49,'2025-11-15','weekly',20.00,15.00,400.00,2);